<?xml version="1.0" encoding="UTF-8"?>
<project-private xmlns="http://www.netbeans.org/ns/project-private/1">
    <editor-bookmarks xmlns="http://www.netbeans.org/ns/editor-bookmarks/2" lastBookmarkId="0"/>
    <open-files xmlns="http://www.netbeans.org/ns/projectui-open-files/2">
        <group>
            <file>file:/C:/Users/user/Documents/NetBeansProjects/LoimGUI/src/loimgui/KerdesSzerkeszto.java</file>
            <file>file:/C:/Users/user/Documents/NetBeansProjects/LoimGUI/src/loimgui/jdKozonseg.java</file>
            <file>file:/C:/Users/user/Documents/NetBeansProjects/LoimGUI/src/model/IModel.java</file>
            <file>file:/C:/Users/user/Documents/NetBeansProjects/LoimGUI/src/loimgui/JelszoKero.java</file>
            <file>file:/C:/Users/user/Documents/NetBeansProjects/LoimGUI/src/loimgui/Kerdezo.java</file>
            <file>file:/C:/Users/user/Documents/NetBeansProjects/LoimGUI/src/loimgui/jdHozzaad.java</file>
            <file>file:/C:/Users/user/Documents/NetBeansProjects/LoimGUI/src/loimgui/Foablak.java</file>
            <file>file:/C:/Users/user/Documents/NetBeansProjects/LoimGUI/src/model/DBModel.java</file>
        </group>
    </open-files>
</project-private>
